spec,phase,slot,rank_index,item_id,item_name,section,url
fury_warrior,p1,head,1,29021,Warbringer Battle-Helm,Best in Slot Head Armor for Fury Warrior in TBC Classic Phase 1,https://www.wowhead.com/tbc/guide/fury-warrior-dps-karazhan-best-in-slot-gear-burning-crusade-classic-wow
fury_warrior,p1,shoulder,1,30740,Ripfiend Shoulderplates,Best in Slot Shoulder Armor for Fury Warrior in TBC Classic Phase 1,https://www.wowhead.com/tbc/guide/fury-warrior-dps-karazhan-best-in-slot-gear-burning-crusade-classic-wow
fury_warrior,p1,back,1,30729,Black-Iron Battlecloak,Best in Slot Back Armor for Fury Warrior in TBC Classic Phase 1,https://www.wowhead.com/tbc/guide/fury-warrior-dps-karazhan-best-in-slot-gear-burning-crusade-classic-wow
fury_warrior,p1,chest,1,30730,Terrorweave Tunic,Best in Slot Chest Armor for Fury Warrior in TBC Classic Phase 1,https://www.wowhead.com/tbc/guide/fury-warrior-dps-karazhan-best-in-slot-gear-burning-crusade-classic-wow
fury_warrior,p1,wrist,1,28795,Bladespire Warbands,Best in Slot Wrist Armor for Fury Warrior in TBC Classic Phase 1,https://www.wowhead.com/tbc/guide/fury-warrior-dps-karazhan-best-in-slot-gear-burning-crusade-classic-wow
fury_warrior,p1,hands,1,28824,Gauntlets of Martial Perfection,Best in Slot Hand Armor for Fury  Warrior in TBC Classic Phase 1,https://www.wowhead.com/tbc/guide/fury-warrior-dps-karazhan-best-in-slot-gear-burning-crusade-classic-wow
fury_warrior,p1,waist,1,28779,Girdle of the Endless Pit,Best in Slot Waist Armor for Fury Warrior in TBC Classic Phase 1,https://www.wowhead.com/tbc/guide/fury-warrior-dps-karazhan-best-in-slot-gear-burning-crusade-classic-wow
fury_warrior,p1,legs,1,30739,Scaled Greaves of the Marksman,Best in Slot Leg Armor for Fury Warrior in TBC Classic Phase 1,https://www.wowhead.com/tbc/guide/fury-warrior-dps-karazhan-best-in-slot-gear-burning-crusade-classic-wow
fury_warrior,p1,feet,1,28608,Ironstriders of Urgency,Best in Slot Feet Armor for Fury Warrior in TBC Classic Phase 1,https://www.wowhead.com/tbc/guide/fury-warrior-dps-karazhan-best-in-slot-gear-burning-crusade-classic-wow
fury_warrior,p1,neck,1,29349,Adamantine Chain of the Unbroken,Best in Slot Neck Jewelry for Fury Warrior in TBC Classic Phase 1,https://www.wowhead.com/tbc/guide/fury-warrior-dps-karazhan-best-in-slot-gear-burning-crusade-classic-wow
fury_warrior,p1,rings,1,30738,Ring of Reciprocity,Best in Slot Ring Jewelry for Fury Warrior in TBC Classic Phase 1,https://www.wowhead.com/tbc/guide/fury-warrior-dps-karazhan-best-in-slot-gear-burning-crusade-classic-wow
fury_warrior,p1,rings,2,28757,Ring of a Thousand Marks,Best in Slot Ring Jewelry for Fury Warrior in TBC Classic Phase 1,https://www.wowhead.com/tbc/guide/fury-warrior-dps-karazhan-best-in-slot-gear-burning-crusade-classic-wow
fury_warrior,p1,trinkets,1,28830,Dragonspine Trophy,Best in Slot Trinkets for Fury Warrior in TBC Classic Phase 1,https://www.wowhead.com/tbc/guide/fury-warrior-dps-karazhan-best-in-slot-gear-burning-crusade-classic-wow
fury_warrior,p1,trinkets,2,21670,Badge of the Swarmguard,Best in Slot Trinkets for Fury Warrior in TBC Classic Phase 1,https://www.wowhead.com/tbc/guide/fury-warrior-dps-karazhan-best-in-slot-gear-burning-crusade-classic-wow
fury_warrior,p1,main_hand,1,28438,Dragonmaw,Best in Slot Main Hand Weapons for Fury Warrior in TBC Classic Phase 1,https://www.wowhead.com/tbc/guide/fury-warrior-dps-karazhan-best-in-slot-gear-burning-crusade-classic-wow
fury_warrior,p1,off_hand,1,28295,Gladiator's Slicer,Best in Slot Off Hand Weapons for Fury Warrior in TBC Classic Phase 1,https://www.wowhead.com/tbc/guide/fury-warrior-dps-karazhan-best-in-slot-gear-burning-crusade-classic-wow
fury_warrior,p1,ranged,1,30724,Barrel-Blade Longrifle,Best in Slot Ranged Weapons for Fury Warrior in TBC Classic Phase 1,https://www.wowhead.com/tbc/guide/fury-warrior-dps-karazhan-best-in-slot-gear-burning-crusade-classic-wow
fury_warrior,p2,head,1,30120,Destroyer Battle-Helm,Best in Slot Head Armor for Fury Warrior in TBC Classic Phase 2,https://www.wowhead.com/tbc/guide/classes/warrior/fury/dps-bis-gear-pve-phase-2
fury_warrior,p2,shoulder,1,30122,Destroyer Shoulderblades,Best in Slot Shoulder Armor for Fury Warrior in TBC Classic Phase 2,https://www.wowhead.com/tbc/guide/classes/warrior/fury/dps-bis-gear-pve-phase-2
fury_warrior,p2,back,1,30729,Black-Iron Battlecloak,Best in Slot Back Armor for Fury Warrior in TBC Classic Phase 2,https://www.wowhead.com/tbc/guide/classes/warrior/fury/dps-bis-gear-pve-phase-2
fury_warrior,p2,chest,1,30118,Destroyer Breastplate,Best in Slot Chest Armor for Fury Warrior in TBC Classic Phase 2,https://www.wowhead.com/tbc/guide/classes/warrior/fury/dps-bis-gear-pve-phase-2
fury_warrior,p2,wrist,1,30057,Bracers of Eradication,Best in Slot Wrist Armor for Fury Warrior in TBC Classic Phase 2,https://www.wowhead.com/tbc/guide/classes/warrior/fury/dps-bis-gear-pve-phase-2
fury_warrior,p2,hands,1,30119,Destroyer Gauntlets,Best in Slot Hand Armor for Fury  Warrior in TBC Classic Phase 2,https://www.wowhead.com/tbc/guide/classes/warrior/fury/dps-bis-gear-pve-phase-2
fury_warrior,p2,waist,1,30106,Belt of One-Hundred Deaths,Best in Slot Waist Armor for Fury Warrior in TBC Classic Phase 2,https://www.wowhead.com/tbc/guide/classes/warrior/fury/dps-bis-gear-pve-phase-2
fury_warrior,p2,legs,1,29995,Leggings of Murderous Intent,Best in Slot Leg Armor for Fury Warrior in TBC Classic Phase 2,https://www.wowhead.com/tbc/guide/classes/warrior/fury/dps-bis-gear-pve-phase-2
fury_warrior,p2,feet,1,30081,Warboots of Obliteration,Best in Slot Feet Armor for Fury Warrior in TBC Classic Phase 2,https://www.wowhead.com/tbc/guide/classes/warrior/fury/dps-bis-gear-pve-phase-2
fury_warrior,p2,neck,1,30022,Pendant of the Perilous,Best in Slot Neck Jewelry for Fury Warrior in TBC Classic Phase 2,https://www.wowhead.com/tbc/guide/classes/warrior/fury/dps-bis-gear-pve-phase-2
fury_warrior,p2,rings,1,29997,Band of the Ranger-General,Best in Slot Ring Jewelry for Fury Warrior in TBC Classic Phase 2,https://www.wowhead.com/tbc/guide/classes/warrior/fury/dps-bis-gear-pve-phase-2
fury_warrior,p2,rings,2,30738,Ring of Reciprocity,Best in Slot Ring Jewelry for Fury Warrior in TBC Classic Phase 2,https://www.wowhead.com/tbc/guide/classes/warrior/fury/dps-bis-gear-pve-phase-2
fury_warrior,p2,trinkets,1,28830,Dragonspine Trophy,Best in Slot Trinkets for Fury Warrior in TBC Classic Phase 2,https://www.wowhead.com/tbc/guide/classes/warrior/fury/dps-bis-gear-pve-phase-2
fury_warrior,p2,trinkets,2,21670,Badge of the Swarmguard,Best in Slot Trinkets for Fury Warrior in TBC Classic Phase 2,https://www.wowhead.com/tbc/guide/classes/warrior/fury/dps-bis-gear-pve-phase-2
fury_warrior,p2,main_hand,1,28439,Dragonstrike,Best in Slot Main Hand Weapons for Fury Warrior in TBC Classic Phase 2,https://www.wowhead.com/tbc/guide/classes/warrior/fury/dps-bis-gear-pve-phase-2
fury_warrior,p2,off_hand,1,30082,Talon of Azshara,Best in Slot Off Hand Weapons for Fury Warrior in TBC Classic Phase 2,https://www.wowhead.com/tbc/guide/classes/warrior/fury/dps-bis-gear-pve-phase-2
fury_warrior,p2,ranged,1,30105,Serpent Spine Longbow,Best in Slot Ranged Weapons for Fury Warrior in TBC Classic Phase 2,https://www.wowhead.com/tbc/guide/classes/warrior/fury/dps-bis-gear-pve-phase-2
arms_warrior,p1,head,1,29021,Warbringer Battle-Helm,Best in Slot Head Armor for Arms Warrior in TBC Classic Phase 1,https://www.wowhead.com/tbc/guide/arms-warrior-dps-karazhan-best-in-slot-gear-burning-crusade-classic-wow
arms_warrior,p1,shoulder,1,30740,Ripfiend Shoulderplates,Best in Slot Shoulder Armor for Arms Warrior in TBC Classic Phase 1,https://www.wowhead.com/tbc/guide/arms-warrior-dps-karazhan-best-in-slot-gear-burning-crusade-classic-wow
arms_warrior,p1,back,1,30729,Black-Iron Battlecloak,Best in Slot Back Armor for Arms Warrior in TBC Classic Phase 1,https://www.wowhead.com/tbc/guide/arms-warrior-dps-karazhan-best-in-slot-gear-burning-crusade-classic-wow
arms_warrior,p1,chest,1,30730,Terrorweave Tunic,Best in Slot Chest Armor for Arms Warrior in TBC Classic Phase 1,https://www.wowhead.com/tbc/guide/arms-warrior-dps-karazhan-best-in-slot-gear-burning-crusade-classic-wow
arms_warrior,p1,wrist,1,28795,Bladespire Warbands,Best in Slot Wrist Armor for Arms Warrior in TBC Classic Phase 1,https://www.wowhead.com/tbc/guide/arms-warrior-dps-karazhan-best-in-slot-gear-burning-crusade-classic-wow
arms_warrior,p1,hands,1,28824,Gauntlets of Martial Perfection,Best in Slot Hand Armor for Arms Warrior in TBC Classic Phase 1,https://www.wowhead.com/tbc/guide/arms-warrior-dps-karazhan-best-in-slot-gear-burning-crusade-classic-wow
arms_warrior,p1,waist,1,28779,Girdle of the Endless Pit,Best in Slot Waist Armor for Arms Warrior in TBC Classic Phase 1,https://www.wowhead.com/tbc/guide/arms-warrior-dps-karazhan-best-in-slot-gear-burning-crusade-classic-wow
arms_warrior,p1,legs,1,30739,Scaled Greaves of the Marksman,Best in Slot Leg Armor for Arms Warrior in TBC Classic Phase 1,https://www.wowhead.com/tbc/guide/arms-warrior-dps-karazhan-best-in-slot-gear-burning-crusade-classic-wow
arms_warrior,p1,feet,1,28608,Ironstriders of Urgency,Best in Slot Feet Armor for Arms Warrior in TBC Classic Phase 1,https://www.wowhead.com/tbc/guide/arms-warrior-dps-karazhan-best-in-slot-gear-burning-crusade-classic-wow
arms_warrior,p1,neck,1,29349,Adamantine Chain of the Unbroken,Best in Slot Neck Jewelry for Arms Warrior in TBC Classic Phase 1,https://www.wowhead.com/tbc/guide/arms-warrior-dps-karazhan-best-in-slot-gear-burning-crusade-classic-wow
arms_warrior,p1,rings,1,30738,Ring of Reciprocity,Best in Slot Ring Jewelry for Arms Warrior in TBC Classic Phase 1,https://www.wowhead.com/tbc/guide/arms-warrior-dps-karazhan-best-in-slot-gear-burning-crusade-classic-wow
arms_warrior,p1,rings,2,30834,Shapeshifter's Signet,Best in Slot Ring Jewelry for Arms Warrior in TBC Classic Phase 1,https://www.wowhead.com/tbc/guide/arms-warrior-dps-karazhan-best-in-slot-gear-burning-crusade-classic-wow
arms_warrior,p1,trinkets,1,28830,Dragonspine Trophy,Best in Slot Trinkets for Arms Warrior in TBC Classic Phase 1,https://www.wowhead.com/tbc/guide/arms-warrior-dps-karazhan-best-in-slot-gear-burning-crusade-classic-wow
arms_warrior,p1,trinkets,2,21670,Badge of the Swarmguard,Best in Slot Trinkets for Arms Warrior in TBC Classic Phase 1,https://www.wowhead.com/tbc/guide/arms-warrior-dps-karazhan-best-in-slot-gear-burning-crusade-classic-wow
arms_warrior,p1,two_hand,1,28429,Lionheart Champion,Best in Slot Two-Handed Weapons for Arms Warrior in TBC Classic Phase 1,https://www.wowhead.com/tbc/guide/arms-warrior-dps-karazhan-best-in-slot-gear-burning-crusade-classic-wow
arms_warrior,p1,ranged,1,30724,Barrel-Blade Longrifle,Best in Slot Ranged Weapons for Arms Warrior in TBC Classic Phase 1,https://www.wowhead.com/tbc/guide/arms-warrior-dps-karazhan-best-in-slot-gear-burning-crusade-classic-wow
arms_warrior,p2,head,1,30120,Destroyer Battle-Helm,Best in Slot Head Armor for Arms Warrior in TBC Classic Phase 2,https://www.wowhead.com/tbc/guide/classes/warrior/arms/dps-bis-gear-pve-phase-2
arms_warrior,p2,shoulder,1,30055,Shoulderpads of the Stranger,Best in Slot Shoulder Armor for Arms Warrior in TBC Classic Phase 2,https://www.wowhead.com/tbc/guide/classes/warrior/arms/dps-bis-gear-pve-phase-2
arms_warrior,p2,back,1,30729,Black-Iron Battlecloak,Best in Slot Back Armor for Arms Warrior in TBC Classic Phase 2,https://www.wowhead.com/tbc/guide/classes/warrior/arms/dps-bis-gear-pve-phase-2
arms_warrior,p2,chest,1,30118,Destroyer Breastplate,Best in Slot Chest Armor for Arms Warrior in TBC Classic Phase 2,https://www.wowhead.com/tbc/guide/classes/warrior/arms/dps-bis-gear-pve-phase-2
arms_warrior,p2,wrist,1,30057,Bracers of Eradication,Best in Slot Wrist Armor for Arms Warrior in TBC Classic Phase 2,https://www.wowhead.com/tbc/guide/classes/warrior/arms/dps-bis-gear-pve-phase-2
arms_warrior,p2,hands,1,29947,Gloves of the Searing Grip,Best in Slot Hand Armor for Arms Warrior in TBC Classic Phase 2,https://www.wowhead.com/tbc/guide/classes/warrior/arms/dps-bis-gear-pve-phase-2
arms_warrior,p2,waist,1,30106,Belt of One-Hundred Deaths,Best in Slot Waist Armor for Arms Warrior in TBC Classic Phase 2,https://www.wowhead.com/tbc/guide/classes/warrior/arms/dps-bis-gear-pve-phase-2
arms_warrior,p2,legs,1,29995,Leggings of Murderous Intent,Best in Slot Leg Armor for Arms Warrior in TBC Classic Phase 2,https://www.wowhead.com/tbc/guide/classes/warrior/arms/dps-bis-gear-pve-phase-2
arms_warrior,p2,feet,1,30081,Warboots of Obliteration,Best in Slot Feet Armor for Arms Warrior in TBC Classic Phase 2,https://www.wowhead.com/tbc/guide/classes/warrior/arms/dps-bis-gear-pve-phase-2
arms_warrior,p2,neck,1,30022,Pendant of the Perilous,Best in Slot Neck Jewelry for Arms Warrior in TBC Classic Phase 2,https://www.wowhead.com/tbc/guide/classes/warrior/arms/dps-bis-gear-pve-phase-2
arms_warrior,p2,rings,1,29997,Band of the Ranger-General,Best in Slot Ring Jewelry for Arms Warrior in TBC Classic Phase 2,https://www.wowhead.com/tbc/guide/classes/warrior/arms/dps-bis-gear-pve-phase-2
arms_warrior,p2,rings,2,30738,Ring of Reciprocity,Best in Slot Ring Jewelry for Arms Warrior in TBC Classic Phase 2,https://www.wowhead.com/tbc/guide/classes/warrior/arms/dps-bis-gear-pve-phase-2
arms_warrior,p2,trinkets,1,28830,Dragonspine Trophy,Best in Slot Trinkets for Arms Warrior in TBC Classic Phase 2,https://www.wowhead.com/tbc/guide/classes/warrior/arms/dps-bis-gear-pve-phase-2
arms_warrior,p2,trinkets,2,21670,Badge of the Swarmguard,Best in Slot Trinkets for Arms Warrior in TBC Classic Phase 2,https://www.wowhead.com/tbc/guide/classes/warrior/arms/dps-bis-gear-pve-phase-2
arms_warrior,p2,two_hand,1,29993,Twinblade of the Phoenix,Best in Slot Two-Handed Weapons for Arms Warrior in TBC Classic Phase 2,https://www.wowhead.com/tbc/guide/classes/warrior/arms/dps-bis-gear-pve-phase-2
arms_warrior,p2,ranged,1,30105,Serpent Spine Longbow,Best in Slot Ranged Weapons for Arms Warrior in TBC Classic Phase 2,https://www.wowhead.com/tbc/guide/classes/warrior/arms/dps-bis-gear-pve-phase-2
rogue,p1,head,1,29044,Netherblade Facemask,Best in Slot Head Armor for Rogue in TBC Classic Phase 1,https://www.wowhead.com/tbc/guide/rogue-dps-karazhan-best-in-slot-gear-burning-crusade-classic-wow
rogue,p1,shoulder,1,27797,Wastewalker Shoulderpads,Best in Slot Shoulder Armor for Rogue in TBC Classic Phase 1,https://www.wowhead.com/tbc/guide/rogue-dps-karazhan-best-in-slot-gear-burning-crusade-classic-wow
rogue,p1,back,1,28672,Drape of the Dark Reavers,Best in Slot Back Armor for Rogue in TBC Classic Phase 1,https://www.wowhead.com/tbc/guide/rogue-dps-karazhan-best-in-slot-gear-burning-crusade-classic-wow
rogue,p1,chest,1,29045,Netherblade Chestpiece,Best in Slot Chest Armor for Rogue in TBC Classic Phase 1,https://www.wowhead.com/tbc/guide/rogue-dps-karazhan-best-in-slot-gear-burning-crusade-classic-wow
rogue,p1,wrist,1,29246,Nightfall Wristguards,Best in Slot Wrist Armor for Rogue in TBC Classic Phase 1,https://www.wowhead.com/tbc/guide/rogue-dps-karazhan-best-in-slot-gear-burning-crusade-classic-wow
rogue,p1,hands,1,27531,Wastewalker Gloves,Best in Slot Hand Armor for Rogue in TBC Classic Phase 1,https://www.wowhead.com/tbc/guide/rogue-dps-karazhan-best-in-slot-gear-burning-crusade-classic-wow
rogue,p1,waist,1,29247,Girdle of the Deathdealer,Best in Slot Waist Armor for Rogue in TBC Classic Phase 1,https://www.wowhead.com/tbc/guide/rogue-dps-karazhan-best-in-slot-gear-burning-crusade-classic-wow
rogue,p1,legs,1,28741,Skulker's Greaves,Best in Slot Leg Armor for Rogue in TBC Classic Phase 1,https://www.wowhead.com/tbc/guide/rogue-dps-karazhan-best-in-slot-gear-burning-crusade-classic-wow
rogue,p1,feet,1,28545,Edgewalker Longboots,Best in Slot Feet Armor for Rogue in TBC Classic Phase 1,https://www.wowhead.com/tbc/guide/rogue-dps-karazhan-best-in-slot-gear-burning-crusade-classic-wow
rogue,p1,neck,1,29381,Choker of Vile Intent,Best in Slot Neck Jewelry for Rogue in TBC Classic Phase 1,https://www.wowhead.com/tbc/guide/rogue-dps-karazhan-best-in-slot-gear-burning-crusade-classic-wow
rogue,p1,rings,1,28757,Ring of a Thousand Marks,Best in Slot Ring Jewelry for Rogue in TBC Classic Phase 1,https://www.wowhead.com/tbc/guide/rogue-dps-karazhan-best-in-slot-gear-burning-crusade-classic-wow
rogue,p1,rings,2,28649,Garona's Signet Ring,Best in Slot Ring Jewelry for Rogue in TBC Classic Phase 1,https://www.wowhead.com/tbc/guide/rogue-dps-karazhan-best-in-slot-gear-burning-crusade-classic-wow
rogue,p1,trinkets,1,28830,Dragonspine Trophy,Best in Slot Trinkets for Rogue in TBC Classic Phase 1,https://www.wowhead.com/tbc/guide/rogue-dps-karazhan-best-in-slot-gear-burning-crusade-classic-wow
rogue,p1,trinkets,2,23206,Mark of the Champion,Best in Slot Trinkets for Rogue in TBC Classic Phase 1,https://www.wowhead.com/tbc/guide/rogue-dps-karazhan-best-in-slot-gear-burning-crusade-classic-wow
rogue,p1,main_hand,1,28438,Dragonmaw,Best in Slot Main-Hand Weapons for Rogue in TBC Classic Phase 1,https://www.wowhead.com/tbc/guide/rogue-dps-karazhan-best-in-slot-gear-burning-crusade-classic-wow
rogue,p1,off_hand,1,28307,Gladiator's Quickblade,Best in Slot Offhands for Rogue in TBC Classic Phase 1,https://www.wowhead.com/tbc/guide/rogue-dps-karazhan-best-in-slot-gear-burning-crusade-classic-wow
rogue,p1,ranged,1,29151,Veteran's Musket,Best in Slot Ranged Weapons for Rogue in TBC Classic Phase 1,https://www.wowhead.com/tbc/guide/rogue-dps-karazhan-best-in-slot-gear-burning-crusade-classic-wow
rogue,p1,main_hand,override,28438,Dragonmaw,Wowhead Main-Hand section: first BiS row.,https://www.wowhead.com/tbc/guide/rogue-dps-karazhan-best-in-slot-gear-burning-crusade-classic-wow
rogue,p2,head,1,30146,Deathmantle Helm,Best in Slot Head Armor for Rogue in TBC Classic Phase 2,https://www.wowhead.com/tbc/guide/classes/rogue/dps-bis-gear-pve-phase-2
rogue,p2,shoulder,1,30149,Deathmantle Shoulderpads,Best in Slot Shoulder Armor for Rogue in TBC Classic Phase 2,https://www.wowhead.com/tbc/guide/classes/rogue/dps-bis-gear-pve-phase-2
rogue,p2,back,1,28672,Drape of the Dark Reavers,Best in Slot Back Armor for Rogue in TBC Classic Phase 2,https://www.wowhead.com/tbc/guide/classes/rogue/dps-bis-gear-pve-phase-2
rogue,p2,chest,1,30101,Bloodsea Brigand's Vest,Best in Slot Chest Armor for Rogue in TBC Classic Phase 2,https://www.wowhead.com/tbc/guide/classes/rogue/dps-bis-gear-pve-phase-2
rogue,p2,wrist,1,29966,Vambraces of Ending,Best in Slot Wrist Armor for Rogue in TBC Classic Phase 2,https://www.wowhead.com/tbc/guide/classes/rogue/dps-bis-gear-pve-phase-2
rogue,p2,hands,1,30145,Deathmantle Handguards,Best in Slot Hand Armor for Rogue in TBC Classic Phase 2,https://www.wowhead.com/tbc/guide/classes/rogue/dps-bis-gear-pve-phase-2
rogue,p2,waist,1,30106,Belt of One-Hundred Deaths,Best in Slot Waist Armor for Rogue in TBC Classic Phase 2,https://www.wowhead.com/tbc/guide/classes/rogue/dps-bis-gear-pve-phase-2
rogue,p2,legs,1,30148,Deathmantle Legguards,Best in Slot Leg Armor for Rogue in TBC Classic Phase 2,https://www.wowhead.com/tbc/guide/classes/rogue/dps-bis-gear-pve-phase-2
rogue,p2,feet,1,28545,Edgewalker Longboots,Best in Slot Feet Armor for Rogue in TBC Classic Phase 2,https://www.wowhead.com/tbc/guide/classes/rogue/dps-bis-gear-pve-phase-2
rogue,p2,neck,1,29381,Choker of Vile Intent,Best in Slot Neck Jewelry for Rogue in TBC Classic Phase 2,https://www.wowhead.com/tbc/guide/classes/rogue/dps-bis-gear-pve-phase-2
rogue,p2,rings,1,30052,Ring of Lethality,Best in Slot Ring Jewelry for Rogue in TBC Classic Phase 2,https://www.wowhead.com/tbc/guide/classes/rogue/dps-bis-gear-pve-phase-2
rogue,p2,rings,2,29997,Band of the Ranger-General,Best in Slot Ring Jewelry for Rogue in TBC Classic Phase 2,https://www.wowhead.com/tbc/guide/classes/rogue/dps-bis-gear-pve-phase-2
rogue,p2,trinkets,1,28830,Dragonspine Trophy,Best in Slot Trinkets for Rogue in TBC Classic Phase 2,https://www.wowhead.com/tbc/guide/classes/rogue/dps-bis-gear-pve-phase-2
rogue,p2,trinkets,2,30450,Warp-Spring Coil,Best in Slot Trinkets for Rogue in TBC Classic Phase 2,https://www.wowhead.com/tbc/guide/classes/rogue/dps-bis-gear-pve-phase-2
rogue,p2,main_hand,1,30082,Talon of Azshara,Best in Slot Main-Hand Weapons for Rogue in TBC Classic Phase 2,https://www.wowhead.com/tbc/guide/classes/rogue/dps-bis-gear-pve-phase-2
rogue,p2,off_hand,1,32027,Merciless Gladiator's Quickblade,Best in Slot Offhands for Rogue in TBC Classic Phase 2,https://www.wowhead.com/tbc/guide/classes/rogue/dps-bis-gear-pve-phase-2
rogue,p2,ranged,1,29949,Arcanite Steam-Pistol,Best in Slot Ranged Weapons for Rogue in TBC Classic Phase 2,https://www.wowhead.com/tbc/guide/classes/rogue/dps-bis-gear-pve-phase-2
rogue,p2,main_hand,override,30082,Talon of Azshara,Wowhead Main-Hand section: first BiS row.,https://www.wowhead.com/tbc/guide/classes/rogue/dps-bis-gear-pve-phase-2
bm_hunter,p1,head,1,28275,Beast Lord Helm,Best in Slot Head Armor for Beast Mastery Hunter in TBC Classic Phase 1,https://www.wowhead.com/tbc/guide/beast-mastery-hunter-dps-karazhan-best-in-slot-gear-burning-crusade-classic-wow
bm_hunter,p1,shoulder,1,27801,Beast Lord Mantle,Best in Slot Shoulder Armor for Beast Mastery Hunter in TBC Classic Phase 1,https://www.wowhead.com/tbc/guide/beast-mastery-hunter-dps-karazhan-best-in-slot-gear-burning-crusade-classic-wow
bm_hunter,p1,back,1,24259,Vengeance Wrap,Best in Slot Back Armor for Beast Mastery Hunter in TBC Classic Phase 1,https://www.wowhead.com/tbc/guide/beast-mastery-hunter-dps-karazhan-best-in-slot-gear-burning-crusade-classic-wow
bm_hunter,p1,chest,1,28228,Beast Lord Cuirass,Best in Slot Chest Armor for Beast Mastery Hunter in TBC Classic Phase 1,https://www.wowhead.com/tbc/guide/beast-mastery-hunter-dps-karazhan-best-in-slot-gear-burning-crusade-classic-wow
bm_hunter,p1,wrist,1,29246,Nightfall Wristguards,Best in Slot Wrist Armor for Beast Mastery Hunter in TBC Classic Phase 1,https://www.wowhead.com/tbc/guide/beast-mastery-hunter-dps-karazhan-best-in-slot-gear-burning-crusade-classic-wow
bm_hunter,p1,hands,1,27474,Beast Lord Handguards,Best in Slot Hand Armor for Beast Mastery Hunter in TBC Classic Phase 1,https://www.wowhead.com/tbc/guide/beast-mastery-hunter-dps-karazhan-best-in-slot-gear-burning-crusade-classic-wow
bm_hunter,p1,waist,1,28828,Gronn-Stitched Girdle,Best in Slot Waist Armor for Beast Mastery Hunter in TBC Classic Phase 1,https://www.wowhead.com/tbc/guide/beast-mastery-hunter-dps-karazhan-best-in-slot-gear-burning-crusade-classic-wow
bm_hunter,p1,legs,1,30739,Scaled Greaves of the Marksman,Best in Slot Leg Armor for Beast Mastery Hunter in TBC Classic Phase 1,https://www.wowhead.com/tbc/guide/beast-mastery-hunter-dps-karazhan-best-in-slot-gear-burning-crusade-classic-wow
bm_hunter,p1,feet,1,28545,Edgewalker Longboots,Best in Slot Feet Armor for Beast Mastery Hunter in TBC Classic Phase 1,https://www.wowhead.com/tbc/guide/beast-mastery-hunter-dps-karazhan-best-in-slot-gear-burning-crusade-classic-wow
bm_hunter,p1,neck,1,29381,Choker of Vile Intent,Best in Slot Neck Jewelry for Beast Mastery Hunter in TBC Classic Phase 1,https://www.wowhead.com/tbc/guide/beast-mastery-hunter-dps-karazhan-best-in-slot-gear-burning-crusade-classic-wow
bm_hunter,p1,rings,1,28791,Ring of the Recalcitrant,Best in Slot Ring Jewelry for Beast Mastery Hunter in TBC Classic Phase 1,https://www.wowhead.com/tbc/guide/beast-mastery-hunter-dps-karazhan-best-in-slot-gear-burning-crusade-classic-wow
bm_hunter,p1,rings,2,28757,Ring of a Thousand Marks,Best in Slot Ring Jewelry for Beast Mastery Hunter in TBC Classic Phase 1,https://www.wowhead.com/tbc/guide/beast-mastery-hunter-dps-karazhan-best-in-slot-gear-burning-crusade-classic-wow
bm_hunter,p1,trinkets,1,28830,Dragonspine Trophy,Best in Slot Trinkets for Beast Mastery Hunter in TBC Classic Phase 1,https://www.wowhead.com/tbc/guide/beast-mastery-hunter-dps-karazhan-best-in-slot-gear-burning-crusade-classic-wow
bm_hunter,p1,trinkets,2,29383,Bloodlust Brooch,Best in Slot Trinkets for Beast Mastery Hunter in TBC Classic Phase 1,https://www.wowhead.com/tbc/guide/beast-mastery-hunter-dps-karazhan-best-in-slot-gear-burning-crusade-classic-wow
bm_hunter,p1,main_hand,1,27846,Claw of the Watcher,Best in Slot Main-Hand Weapons for Beast Mastery Hunter in TBC Classic Phase 1,https://www.wowhead.com/tbc/guide/beast-mastery-hunter-dps-karazhan-best-in-slot-gear-burning-crusade-classic-wow
bm_hunter,p1,off_hand,1,28572,Blade of the Unrequited,Best in Slot Off-Hand Weapons for Beast Mastery Hunter in TBC Classic Phase 1,https://www.wowhead.com/tbc/guide/beast-mastery-hunter-dps-karazhan-best-in-slot-gear-burning-crusade-classic-wow
bm_hunter,p1,ranged,1,28772,Sunfury Bow of the Phoenix,Best in Slot Ranged Weapons for Beast Mastery Hunter in TBC Classic Phase 1,https://www.wowhead.com/tbc/guide/beast-mastery-hunter-dps-karazhan-best-in-slot-gear-burning-crusade-classic-wow
bm_hunter,p2,head,1,30141,Rift Stalker Helm,Best in Slot Head Armor for Beast Mastery Hunter in TBC Classic Phase 2,https://www.wowhead.com/tbc/guide/classes/hunter/beast-mastery/dps-bis-gear-pve-phase-2
bm_hunter,p2,shoulder,1,30143,Rift Stalker Mantle,Best in Slot Shoulder Armor for Beast Mastery Hunter in TBC Classic Phase 2,https://www.wowhead.com/tbc/guide/classes/hunter/beast-mastery/dps-bis-gear-pve-phase-2
bm_hunter,p2,back,1,29994,Thalassian Wildercloak,Best in Slot Back Armor for Beast Mastery in TBC Classic Phase 2,https://www.wowhead.com/tbc/guide/classes/hunter/beast-mastery/dps-bis-gear-pve-phase-2
bm_hunter,p2,chest,1,30139,Rift Stalker Hauberk,Best in Slot Chest Armor for Beast Mastery Hunter in TBC Classic Phase 2,https://www.wowhead.com/tbc/guide/classes/hunter/beast-mastery/dps-bis-gear-pve-phase-2
bm_hunter,p2,wrist,1,29966,Vambraces of Ending,Best in Slot Wrist Armor for Beast Mastery Hunter in TBC Classic Phase 2,https://www.wowhead.com/tbc/guide/classes/hunter/beast-mastery/dps-bis-gear-pve-phase-2
bm_hunter,p2,hands,1,30140,Rift Stalker Gauntlets,Best in Slot Hand Armor for Beast Mastery Hunter in TBC Classic Phase 2,https://www.wowhead.com/tbc/guide/classes/hunter/beast-mastery/dps-bis-gear-pve-phase-2
bm_hunter,p2,waist,1,30040,Belt of Deep Shadow,Best in Slot Waist Armor for Beast Mastery Hunter in TBC Classic Phase 2,https://www.wowhead.com/tbc/guide/classes/hunter/beast-mastery/dps-bis-gear-pve-phase-2
bm_hunter,p2,legs,1,29995,Leggings of Murderous Intent,Best in Slot Leg Armor for Beast Mastery Hunter in TBC Classic Phase 2,https://www.wowhead.com/tbc/guide/classes/hunter/beast-mastery/dps-bis-gear-pve-phase-2
bm_hunter,p2,feet,1,30104,Cobra-Lash Boots,Best in Slot Feet Armor for Beast Mastery Hunter in TBC Classic Phase 2,https://www.wowhead.com/tbc/guide/classes/hunter/beast-mastery/dps-bis-gear-pve-phase-2
bm_hunter,p2,neck,1,30017,Telonicus's Pendant of Mayhem,Best in Slot Neck Jewelry for Beast Mastery Hunter in TBC Classic Phase 2,https://www.wowhead.com/tbc/guide/classes/hunter/beast-mastery/dps-bis-gear-pve-phase-2
bm_hunter,p2,rings,1,28791,Ring of the Recalcitrant,Best in Slot Ring Jewelry for Beast Mastery Hunter in TBC Classic Phase 3,https://www.wowhead.com/tbc/guide/classes/hunter/beast-mastery/dps-bis-gear-pve-phase-2
bm_hunter,p2,rings,2,29997,Band of the Ranger-General,Best in Slot Ring Jewelry for Beast Mastery Hunter in TBC Classic Phase 3,https://www.wowhead.com/tbc/guide/classes/hunter/beast-mastery/dps-bis-gear-pve-phase-2
bm_hunter,p2,trinkets,1,28830,Dragonspine Trophy,Best in Slot Trinkets for Beast Mastery Hunter in TBC Classic Phase 2,https://www.wowhead.com/tbc/guide/classes/hunter/beast-mastery/dps-bis-gear-pve-phase-2
bm_hunter,p2,trinkets,2,29383,Bloodlust Brooch,Best in Slot Trinkets for Beast Mastery Hunter in TBC Classic Phase 2,https://www.wowhead.com/tbc/guide/classes/hunter/beast-mastery/dps-bis-gear-pve-phase-2
bm_hunter,p2,main_hand,1,32944,Talon of the Phoenix,Best in Slot Main-Hand Weapons for Beast Mastery Hunter in TBC Classic Phase 2,https://www.wowhead.com/tbc/guide/classes/hunter/beast-mastery/dps-bis-gear-pve-phase-2
bm_hunter,p2,ranged,1,30105,Serpent Spine Longbow,Best in Slot Ranged Weapons for Beast Mastery Hunter in TBC Classic Phase 2,https://www.wowhead.com/tbc/guide/classes/hunter/beast-mastery/dps-bis-gear-pve-phase-2
bm_hunter,p2,off_hand,override,29948,Claw of the Phoenix,Wowhead P2 Main-Hand section lists Best MH and Best OH in one table.,https://www.wowhead.com/tbc/guide/classes/hunter/beast-mastery/dps-bis-gear-pve-phase-2
survival_hunter,p1,head,1,28275,Beast Lord Helm,Best in Slot Head Armor for Survival Hunter in TBC Classic Phase 1,https://www.wowhead.com/tbc/guide/survival-hunter-dps-karazhan-best-in-slot-gear-burning-crusade-classic-wow
survival_hunter,p1,shoulder,1,27801,Beast Lord Mantle,Best in Slot Shoulder Armor for Survival Hunter in TBC Classic Phase 1,https://www.wowhead.com/tbc/guide/survival-hunter-dps-karazhan-best-in-slot-gear-burning-crusade-classic-wow
survival_hunter,p1,back,1,28672,Drape of the Dark Reavers,Best in Slot Back Armor for Survival Hunter in TBC Classic Phase 1,https://www.wowhead.com/tbc/guide/survival-hunter-dps-karazhan-best-in-slot-gear-burning-crusade-classic-wow
survival_hunter,p1,chest,1,28228,Beast Lord Cuirass,Best in Slot Chest Armor for Survival Hunter in TBC Classic Phase 1,https://www.wowhead.com/tbc/guide/survival-hunter-dps-karazhan-best-in-slot-gear-burning-crusade-classic-wow
survival_hunter,p1,wrist,1,30686,Ravager's Bands,Best in Slot Wrist Armor for Survival Hunter in TBC Classic Phase 1,https://www.wowhead.com/tbc/guide/survival-hunter-dps-karazhan-best-in-slot-gear-burning-crusade-classic-wow
survival_hunter,p1,hands,1,27474,Beast Lord Handguards,Best in Slot Hand Armor for Survival Hunter in TBC Classic Phase 1,https://www.wowhead.com/tbc/guide/survival-hunter-dps-karazhan-best-in-slot-gear-burning-crusade-classic-wow
survival_hunter,p1,waist,1,30677,Lurker's Belt,Best in Slot Waist Armor for Survival Hunter in TBC Classic Phase 1,https://www.wowhead.com/tbc/guide/survival-hunter-dps-karazhan-best-in-slot-gear-burning-crusade-classic-wow
survival_hunter,p1,legs,1,30739,Scaled Greaves of the Marksman,Best in Slot Leg Armor for Survival Hunter in TBC Classic Phase 1,https://www.wowhead.com/tbc/guide/survival-hunter-dps-karazhan-best-in-slot-gear-burning-crusade-classic-wow
survival_hunter,p1,feet,1,30682,Glider's Sabatons,Best in Slot Feet Armor for Survival Hunter in TBC Classic Phase 1,https://www.wowhead.com/tbc/guide/survival-hunter-dps-karazhan-best-in-slot-gear-burning-crusade-classic-wow
survival_hunter,p1,neck,1,28343,Jagged Bark Pendant,Best in Slot Neck Jewelry for Survival Hunter in TBC Classic Phase 1,https://www.wowhead.com/tbc/guide/survival-hunter-dps-karazhan-best-in-slot-gear-burning-crusade-classic-wow
survival_hunter,p1,rings,1,28791,Ring of the Recalcitrant,Best in Slot Ring Jewelry for Survival Hunter in TBC Classic Phase 1,https://www.wowhead.com/tbc/guide/survival-hunter-dps-karazhan-best-in-slot-gear-burning-crusade-classic-wow
survival_hunter,p1,rings,2,31277,Pathfinder's Band,Best in Slot Ring Jewelry for Survival Hunter in TBC Classic Phase 1,https://www.wowhead.com/tbc/guide/survival-hunter-dps-karazhan-best-in-slot-gear-burning-crusade-classic-wow
survival_hunter,p1,trinkets,1,28830,Dragonspine Trophy,Best in Slot Trinkets for Survival Hunter in TBC Classic Phase 1,https://www.wowhead.com/tbc/guide/survival-hunter-dps-karazhan-best-in-slot-gear-burning-crusade-classic-wow
survival_hunter,p1,trinkets,2,29383,Bloodlust Brooch,Best in Slot Trinkets for Survival Hunter in TBC Classic Phase 1,https://www.wowhead.com/tbc/guide/survival-hunter-dps-karazhan-best-in-slot-gear-burning-crusade-classic-wow
survival_hunter,p1,main_hand,1,28263,Stellaris,Weapons for Survival Hunter DPS in TBC Classic Phase 1,https://www.wowhead.com/tbc/guide/survival-hunter-dps-karazhan-best-in-slot-gear-burning-crusade-classic-wow
survival_hunter,p1,off_hand,1,28263,Stellaris,Weapons for Survival Hunter DPS in TBC Classic Phase 1,https://www.wowhead.com/tbc/guide/survival-hunter-dps-karazhan-best-in-slot-gear-burning-crusade-classic-wow
survival_hunter,p1,main_hand,override,28263,Stellaris,Wowhead P1 Weapons section: first Best MH row.,https://www.wowhead.com/tbc/guide/survival-hunter-dps-karazhan-best-in-slot-gear-burning-crusade-classic-wow
survival_hunter,p1,off_hand,override,28572,Blade of the Unrequited,Wowhead P1 Weapons section: first Best OH row.,https://www.wowhead.com/tbc/guide/survival-hunter-dps-karazhan-best-in-slot-gear-burning-crusade-classic-wow
survival_hunter,p1,ranged,override,28772,Sunfury Bow of the Phoenix,Wowhead P1 Weapons section: first ranged Best row.,https://www.wowhead.com/tbc/guide/survival-hunter-dps-karazhan-best-in-slot-gear-burning-crusade-classic-wow
survival_hunter,p1,wrist,override,29246,Nightfall Wristguards,Sim fallback: Wowhead-listed next Best non-random alternative to Ravager's Bands of Agility.,https://www.wowhead.com/tbc/guide/survival-hunter-dps-karazhan-best-in-slot-gear-burning-crusade-classic-wow
survival_hunter,p1,waist,override,28750,Girdle of Treachery,Sim fallback: Wowhead-listed next Best non-random alternative to Lurker's Belt of Agility.,https://www.wowhead.com/tbc/guide/survival-hunter-dps-karazhan-best-in-slot-gear-burning-crusade-classic-wow
survival_hunter,p1,feet,override,28545,Edgewalker Longboots,Sim fallback: Wowhead-listed next Best non-random alternative to Glider's Sabatons of Agility.,https://www.wowhead.com/tbc/guide/survival-hunter-dps-karazhan-best-in-slot-gear-burning-crusade-classic-wow
survival_hunter,p2,head,1,30141,Rift Stalker Helm,Best in Slot Head Armor for Survival Hunter in TBC Classic Phase 2,https://www.wowhead.com/tbc/guide/classes/hunter/survival/dps-bis-gear-pve-phase-2
survival_hunter,p2,shoulder,1,30143,Rift Stalker Mantle,Best in Slot Shoulder Armor for Survival Hunter in TBC Classic Phase 2,https://www.wowhead.com/tbc/guide/classes/hunter/survival/dps-bis-gear-pve-phase-2
survival_hunter,p2,back,1,29994,Thalassian Wildercloak,Best in Slot Back Armor for Survival Hunter in TBC Classic Phase 2,https://www.wowhead.com/tbc/guide/classes/hunter/survival/dps-bis-gear-pve-phase-2
survival_hunter,p2,chest,1,30139,Rift Stalker Hauberk,Best in Slot Chest Armor for Survival Hunter in TBC Classic Phase 2,https://www.wowhead.com/tbc/guide/classes/hunter/survival/dps-bis-gear-pve-phase-2
survival_hunter,p2,wrist,1,29966,Vambraces of Ending,Best in Slot Wrist Armor for Survival Hunter in TBC Classic Phase 2,https://www.wowhead.com/tbc/guide/classes/hunter/survival/dps-bis-gear-pve-phase-2
survival_hunter,p2,hands,1,28506,Gloves of Dexterous Manipulation,Best in Slot Hand Armor for Survival Hunter in TBC Classic Phase 2,https://www.wowhead.com/tbc/guide/classes/hunter/survival/dps-bis-gear-pve-phase-2
survival_hunter,p2,waist,1,30040,Belt of Deep Shadow,Best in Slot Waist Armor for Survival Hunter in TBC Classic Phase 2,https://www.wowhead.com/tbc/guide/classes/hunter/survival/dps-bis-gear-pve-phase-2
survival_hunter,p2,legs,1,30142,Rift Stalker Leggings,Best in Slot Leg Armor for Survival Hunter in TBC Classic Phase 2,https://www.wowhead.com/tbc/guide/classes/hunter/survival/dps-bis-gear-pve-phase-2
survival_hunter,p2,feet,1,30104,Cobra-Lash Boots,Best in Slot Feet Armor for Survival Hunter in TBC Classic Phase 2,https://www.wowhead.com/tbc/guide/classes/hunter/survival/dps-bis-gear-pve-phase-2
survival_hunter,p2,neck,1,30017,Telonicus's Pendant of Mayhem,Best in Slot Neck Jewelry for Survival Hunter in TBC Classic Phase 2,https://www.wowhead.com/tbc/guide/classes/hunter/survival/dps-bis-gear-pve-phase-2
survival_hunter,p2,rings,1,28791,Ring of the Recalcitrant,Best in Slot Ring Jewelry for Survival Hunter in TBC Classic Phase 2,https://www.wowhead.com/tbc/guide/classes/hunter/survival/dps-bis-gear-pve-phase-2
survival_hunter,p2,rings,2,29298,Band of Eternity,Best in Slot Ring Jewelry for Survival Hunter in TBC Classic Phase 2,https://www.wowhead.com/tbc/guide/classes/hunter/survival/dps-bis-gear-pve-phase-2
survival_hunter,p2,trinkets,1,28830,Dragonspine Trophy,Best in Slot Trinkets for Survival Hunter in TBC Classic Phase 2,https://www.wowhead.com/tbc/guide/classes/hunter/survival/dps-bis-gear-pve-phase-2
survival_hunter,p2,trinkets,2,29383,Bloodlust Brooch,Best in Slot Trinkets for Survival Hunter in TBC Classic Phase 2,https://www.wowhead.com/tbc/guide/classes/hunter/survival/dps-bis-gear-pve-phase-2
survival_hunter,p2,main_hand,1,29924,Netherbane,Best in Slot Melee Weapons for Survival Hunter in TBC Classic Phase 2,https://www.wowhead.com/tbc/guide/classes/hunter/survival/dps-bis-gear-pve-phase-2
survival_hunter,p2,off_hand,1,29924,Netherbane,Best in Slot Melee Weapons for Survival Hunter in TBC Classic Phase 2,https://www.wowhead.com/tbc/guide/classes/hunter/survival/dps-bis-gear-pve-phase-2
survival_hunter,p2,ranged,1,30105,Serpent Spine Longbow,Best in Slot Ranged Weapons for Survival in TBC Classic Phase 2,https://www.wowhead.com/tbc/guide/classes/hunter/survival/dps-bis-gear-pve-phase-2
survival_hunter,p2,off_hand,override,29948,Claw of the Phoenix,Wowhead P2 Melee Weapons section: Best OH - Personal DPS row.,https://www.wowhead.com/tbc/guide/classes/hunter/survival/dps-bis-gear-pve-phase-2
feral_cat,p1,head,1,8345,Wolfshead Helm,Best in Slot Head Armor for Feral Druid DPS in TBC Classic Phase 1,https://www.wowhead.com/tbc/guide/feral-druid-dps-karazhan-best-in-slot-gear-burning-crusade-classic-wow
feral_cat,p1,shoulder,1,29100,Mantle of Malorne,Best in Slot Shoulder Armor for Feral Druid DPS in TBC Classic Phase 1,https://www.wowhead.com/tbc/guide/feral-druid-dps-karazhan-best-in-slot-gear-burning-crusade-classic-wow
feral_cat,p1,back,1,28672,Drape of the Dark Reavers,Best in Slot Back Armor for Feral Druid DPS in TBC Classic Phase 1,https://www.wowhead.com/tbc/guide/feral-druid-dps-karazhan-best-in-slot-gear-burning-crusade-classic-wow
feral_cat,p1,chest,1,29096,Breastplate of Malorne,Best in Slot Chest Armor for Feral Druid DPS in TBC Classic Phase 1,https://www.wowhead.com/tbc/guide/feral-druid-dps-karazhan-best-in-slot-gear-burning-crusade-classic-wow
feral_cat,p1,wrist,1,29246,Nightfall Wristguards,Best in Slot Wrist Armor for Feral Druid DPS in TBC Classic Phase 1,https://www.wowhead.com/tbc/guide/feral-druid-dps-karazhan-best-in-slot-gear-burning-crusade-classic-wow
feral_cat,p1,hands,1,28506,Gloves of Dexterous Manipulation,Best in Slot Hand Armor for Feral Druid DPS in TBC Classic Phase 1,https://www.wowhead.com/tbc/guide/feral-druid-dps-karazhan-best-in-slot-gear-burning-crusade-classic-wow
feral_cat,p1,waist,1,29247,Girdle of the Deathdealer,Best in Slot Waist Armor for Feral Druid DPS in TBC Classic Phase 1,https://www.wowhead.com/tbc/guide/feral-druid-dps-karazhan-best-in-slot-gear-burning-crusade-classic-wow
feral_cat,p1,legs,1,28741,Skulker's Greaves,Best in Slot Leg Armor for Feral Druid DPS in TBC Classic Phase 1,https://www.wowhead.com/tbc/guide/feral-druid-dps-karazhan-best-in-slot-gear-burning-crusade-classic-wow
feral_cat,p1,feet,1,28545,Edgewalker Longboots,Best in Slot Feet Armor for Feral Druid DPS in TBC Classic Phase 1,https://www.wowhead.com/tbc/guide/feral-druid-dps-karazhan-best-in-slot-gear-burning-crusade-classic-wow
feral_cat,p1,neck,1,24114,Braided Eternium Chain,Best in Slot Neck Jewelry for Feral Druid DPS in TBC Classic Phase 1,https://www.wowhead.com/tbc/guide/feral-druid-dps-karazhan-best-in-slot-gear-burning-crusade-classic-wow
feral_cat,p1,rings,1,30834,Shapeshifter's Signet,Best in Slot Ring Jewelry for Feral Druid DPS in TBC Classic Phase 1,https://www.wowhead.com/tbc/guide/feral-druid-dps-karazhan-best-in-slot-gear-burning-crusade-classic-wow
feral_cat,p1,rings,2,28649,Garona's Signet Ring,Best in Slot Ring Jewelry for Feral Druid DPS in TBC Classic Phase 1,https://www.wowhead.com/tbc/guide/feral-druid-dps-karazhan-best-in-slot-gear-burning-crusade-classic-wow
feral_cat,p1,trinkets,1,23206,Mark of the Champion,Best in Slot Trinkets for Feral Druid DPS in TBC Classic Phase 1,https://www.wowhead.com/tbc/guide/feral-druid-dps-karazhan-best-in-slot-gear-burning-crusade-classic-wow
feral_cat,p1,trinkets,2,28830,Dragonspine Trophy,Best in Slot Trinkets for Feral Druid DPS in TBC Classic Phase 1,https://www.wowhead.com/tbc/guide/feral-druid-dps-karazhan-best-in-slot-gear-burning-crusade-classic-wow
feral_cat,p1,two_hand,1,28658,Terestian's Stranglestaff,Best in Slot Weapons for Feral Druid DPS in TBC Classic Phase 1,https://www.wowhead.com/tbc/guide/feral-druid-dps-karazhan-best-in-slot-gear-burning-crusade-classic-wow
feral_cat,p1,ranged,1,29390,Everbloom Idol,Best in Slot Idols for Feral Druid DPS in TBC Classic Phase 1,https://www.wowhead.com/tbc/guide/feral-druid-dps-karazhan-best-in-slot-gear-burning-crusade-classic-wow
feral_cat,p2,head,1,8345,Wolfshead Helm,Best in Slot Head Armor for Feral Druid DPS in TBC Classic Phase 2,https://www.wowhead.com/tbc/guide/classes/druid/feral/dps-bis-gear-pve-phase-2
feral_cat,p2,shoulder,1,30055,Shoulderpads of the Stranger,Best in Slot Shoulder Armor for Feral Druid DPS in TBC Classic Phase 2,https://www.wowhead.com/tbc/guide/classes/druid/feral/dps-bis-gear-pve-phase-2
feral_cat,p2,back,1,28672,Drape of the Dark Reavers,Best in Slot Back Armor for Feral Druid DPS in TBC Classic Phase 2,https://www.wowhead.com/tbc/guide/classes/druid/feral/dps-bis-gear-pve-phase-2
feral_cat,p2,chest,1,30101,Bloodsea Brigand's Vest,Best in Slot Chest Armor for Feral Druid DPS in TBC Classic Phase 2,https://www.wowhead.com/tbc/guide/classes/druid/feral/dps-bis-gear-pve-phase-2
feral_cat,p2,wrist,1,29966,Vambraces of Ending,Best in Slot Wrist Armor for Feral Druid DPS in TBC Classic Phase 2,https://www.wowhead.com/tbc/guide/classes/druid/feral/dps-bis-gear-pve-phase-2
feral_cat,p2,hands,1,29947,Gloves of the Searing Grip,Best in Slot Hand Armor for Feral Druid DPS in TBC Classic Phase 2,https://www.wowhead.com/tbc/guide/classes/druid/feral/dps-bis-gear-pve-phase-2
feral_cat,p2,waist,1,30106,Belt of One-Hundred Deaths,Best in Slot Waist Armor for Feral Druid DPS in TBC Classic Phase 2,https://www.wowhead.com/tbc/guide/classes/druid/feral/dps-bis-gear-pve-phase-2
feral_cat,p2,legs,1,28741,Skulker's Greaves,Best in Slot Leg Armor for Feral Druid DPS in TBC Classic Phase 2,https://www.wowhead.com/tbc/guide/classes/druid/feral/dps-bis-gear-pve-phase-2
feral_cat,p2,feet,1,28545,Edgewalker Longboots,Best in Slot Feet Armor for Feral Druid DPS in TBC Classic Phase 2,https://www.wowhead.com/tbc/guide/classes/druid/feral/dps-bis-gear-pve-phase-2
feral_cat,p2,neck,1,24114,Braided Eternium Chain,Best in Slot Neck Jewelry for Feral Druid DPS in TBC Classic Phase 2,https://www.wowhead.com/tbc/guide/classes/druid/feral/dps-bis-gear-pve-phase-2
feral_cat,p2,rings,1,30052,Ring of Lethality,Best in Slot Ring Jewelry for Feral Druid DPS in TBC Classic Phase 2,https://www.wowhead.com/tbc/guide/classes/druid/feral/dps-bis-gear-pve-phase-2
feral_cat,p2,rings,2,29997,Band of the Ranger-General,Best in Slot Ring Jewelry for Feral Druid DPS in TBC Classic Phase 2,https://www.wowhead.com/tbc/guide/classes/druid/feral/dps-bis-gear-pve-phase-2
feral_cat,p2,trinkets,1,30627,Tsunami Talisman,Best in Slot Trinkets for Feral Druid DPS in TBC Classic Phase 2,https://www.wowhead.com/tbc/guide/classes/druid/feral/dps-bis-gear-pve-phase-2
feral_cat,p2,trinkets,2,23206,Mark of the Champion,Best in Slot Trinkets for Feral Druid DPS in TBC Classic Phase 2,https://www.wowhead.com/tbc/guide/classes/druid/feral/dps-bis-gear-pve-phase-2
feral_cat,p2,two_hand,1,32014,Merciless Gladiator's Maul,Best in Slot Weapons for Feral Druid DPS in TBC Classic Phase 2,https://www.wowhead.com/tbc/guide/classes/druid/feral/dps-bis-gear-pve-phase-2
feral_cat,p2,ranged,1,29390,Everbloom Idol,Best in Slot Idols for Feral Druid DPS in TBC Classic Phase 2,https://www.wowhead.com/tbc/guide/classes/druid/feral/dps-bis-gear-pve-phase-2
enhancement_shaman,p1,head,1,29040,Cyclone Helm,Best in Slot Head Armor for Enhancement Shaman in TBC Classic Phase 1,https://www.wowhead.com/tbc/guide/enhancement-shaman-dps-karazhan-best-in-slot-gear-burning-crusade-classic-wow
enhancement_shaman,p1,shoulder,1,29043,Cyclone Shoulderplates,Best in Slot Shoulder Armor for Enhancement Shaman  in TBC Classic Phase 1,https://www.wowhead.com/tbc/guide/enhancement-shaman-dps-karazhan-best-in-slot-gear-burning-crusade-classic-wow
enhancement_shaman,p1,back,1,24259,Vengeance Wrap,Best in Slot Back Armor for Enhancement Shaman  in TBC Classic Phase 1,https://www.wowhead.com/tbc/guide/enhancement-shaman-dps-karazhan-best-in-slot-gear-burning-crusade-classic-wow
enhancement_shaman,p1,chest,1,30730,Terrorweave Tunic,Best in Slot Chest Armor for Enhancement Shaman  in TBC Classic Phase 1,https://www.wowhead.com/tbc/guide/enhancement-shaman-dps-karazhan-best-in-slot-gear-burning-crusade-classic-wow
enhancement_shaman,p1,wrist,1,29517,Ebon Netherscale Bracers,Best in Slot Wrist Armor for Enhancement Shaman  in TBC Classic Phase 1,https://www.wowhead.com/tbc/guide/enhancement-shaman-dps-karazhan-best-in-slot-gear-burning-crusade-classic-wow
enhancement_shaman,p1,hands,1,28776,Liar's Tongue Gloves,Best in Slot hand Armor for Enhancement Shaman  in TBC Classic Phase 1,https://www.wowhead.com/tbc/guide/enhancement-shaman-dps-karazhan-best-in-slot-gear-burning-crusade-classic-wow
enhancement_shaman,p1,waist,1,29516,Ebon Netherscale Belt,Best in Slot Waist Armor for Enhancement Shaman  in TBC Classic Phase 1,https://www.wowhead.com/tbc/guide/enhancement-shaman-dps-karazhan-best-in-slot-gear-burning-crusade-classic-wow
enhancement_shaman,p1,legs,1,28741,Skulker's Greaves,Best in Slot Leg Armor for Enhancement Shaman  in TBC Classic Phase 1,https://www.wowhead.com/tbc/guide/enhancement-shaman-dps-karazhan-best-in-slot-gear-burning-crusade-classic-wow
enhancement_shaman,p1,feet,1,28545,Edgewalker Longboots,Best in Slot Feet Armor for Enhancement Shaman  in TBC Classic Phase 1,https://www.wowhead.com/tbc/guide/enhancement-shaman-dps-karazhan-best-in-slot-gear-burning-crusade-classic-wow
enhancement_shaman,p1,neck,1,29381,Choker of Vile Intent,Best in Slot Neck Jewelry for Enhancement Shaman in TBC Classic Phase 1,https://www.wowhead.com/tbc/guide/enhancement-shaman-dps-karazhan-best-in-slot-gear-burning-crusade-classic-wow
enhancement_shaman,p1,rings,1,30834,Shapeshifter's Signet,Best in Slot Ring Jewelry for Enhancement Shaman in TBC Classic Phase 1,https://www.wowhead.com/tbc/guide/enhancement-shaman-dps-karazhan-best-in-slot-gear-burning-crusade-classic-wow
enhancement_shaman,p1,rings,2,28757,Ring of a Thousand Marks,Best in Slot Ring Jewelry for Enhancement Shaman in TBC Classic Phase 1,https://www.wowhead.com/tbc/guide/enhancement-shaman-dps-karazhan-best-in-slot-gear-burning-crusade-classic-wow
enhancement_shaman,p1,trinkets,1,28830,Dragonspine Trophy,Best in Slot Trinkets for Enhancement Shaman in TBC Classic Phase 1,https://www.wowhead.com/tbc/guide/enhancement-shaman-dps-karazhan-best-in-slot-gear-burning-crusade-classic-wow
enhancement_shaman,p1,trinkets,2,29383,Bloodlust Brooch,Best in Slot Trinkets for Enhancement Shaman in TBC Classic Phase 1,https://www.wowhead.com/tbc/guide/enhancement-shaman-dps-karazhan-best-in-slot-gear-burning-crusade-classic-wow
enhancement_shaman,p1,main_hand,1,28313,Gladiator's Right Ripper,Best in Slot Weapons for Enhancement Shaman in TBC Classic Phase 1,https://www.wowhead.com/tbc/guide/enhancement-shaman-dps-karazhan-best-in-slot-gear-burning-crusade-classic-wow
enhancement_shaman,p1,off_hand,1,28313,Gladiator's Right Ripper,Best in Slot Weapons for Enhancement Shaman in TBC Classic Phase 1,https://www.wowhead.com/tbc/guide/enhancement-shaman-dps-karazhan-best-in-slot-gear-burning-crusade-classic-wow
enhancement_shaman,p1,ranged,1,27815,Totem of the Astral Winds,Best in Slot Totems for Enhancement Shaman  in TBC Classic Phase 1,https://www.wowhead.com/tbc/guide/enhancement-shaman-dps-karazhan-best-in-slot-gear-burning-crusade-classic-wow
enhancement_shaman,p1,main_hand,override,28313,Gladiator's Right Ripper,Wowhead P1 Weapons section: first Best MH row.,https://www.wowhead.com/tbc/guide/enhancement-shaman-dps-karazhan-best-in-slot-gear-burning-crusade-classic-wow
enhancement_shaman,p1,off_hand,override,28308,Gladiator's Cleaver,Wowhead P1 Weapons section: first Best non-MH 2.6 speed row.,https://www.wowhead.com/tbc/guide/enhancement-shaman-dps-karazhan-best-in-slot-gear-burning-crusade-classic-wow
enhancement_shaman,p2,head,1,30190,Cataclysm Helm,Best in Slot Head Armor for Enhancement Shaman in TBC Classic Phase 2,https://www.wowhead.com/tbc/guide/classes/shaman/enhancement/dps-bis-gear-pve-phase-2
enhancement_shaman,p2,shoulder,1,30055,Shoulderpads of the Stranger,Best in Slot Shoulder Armor for Enhancement Shaman  in TBC Classic Phase 2,https://www.wowhead.com/tbc/guide/classes/shaman/enhancement/dps-bis-gear-pve-phase-2
enhancement_shaman,p2,back,1,24259,Vengeance Wrap,Best in Slot Back Armor for Enhancement Shaman  in TBC Classic Phase 2,https://www.wowhead.com/tbc/guide/classes/shaman/enhancement/dps-bis-gear-pve-phase-2
enhancement_shaman,p2,chest,1,30185,Cataclysm Chestplate,Best in Slot Chest Armor for Enhancement Shaman  in TBC Classic Phase 2,https://www.wowhead.com/tbc/guide/classes/shaman/enhancement/dps-bis-gear-pve-phase-2
enhancement_shaman,p2,wrist,1,30091,True-Aim Stalker Bands,Best in Slot Wrist Armor for Enhancement Shaman  in TBC Classic Phase 2,https://www.wowhead.com/tbc/guide/classes/shaman/enhancement/dps-bis-gear-pve-phase-2
enhancement_shaman,p2,hands,1,30189,Cataclysm Gauntlets,Best in Slot Hand Armor for Enhancement Shaman  in TBC Classic Phase 2,https://www.wowhead.com/tbc/guide/classes/shaman/enhancement/dps-bis-gear-pve-phase-2
enhancement_shaman,p2,waist,1,30106,Belt of One-Hundred Deaths,Best in Slot Waist Armor for Enhancement Shaman  in TBC Classic Phase 2,https://www.wowhead.com/tbc/guide/classes/shaman/enhancement/dps-bis-gear-pve-phase-2
enhancement_shaman,p2,legs,1,30192,Cataclysm Legplates,Best in Slot Leg Armor for Enhancement Shaman  in TBC Classic Phase 2,https://www.wowhead.com/tbc/guide/classes/shaman/enhancement/dps-bis-gear-pve-phase-2
enhancement_shaman,p2,feet,1,30039,Boots of Utter Darkness,Best in Slot Feet Armor for Enhancement Shaman  in TBC Classic Phase 2,https://www.wowhead.com/tbc/guide/classes/shaman/enhancement/dps-bis-gear-pve-phase-2
enhancement_shaman,p2,neck,1,30017,Telonicus's Pendant of Mayhem,Best in Slot Neck Jewelry for Enhancement Shaman in TBC Classic Phase 2,https://www.wowhead.com/tbc/guide/classes/shaman/enhancement/dps-bis-gear-pve-phase-2
enhancement_shaman,p2,rings,1,29997,Band of the Ranger-General,Best in Slot Ring Jewelry for Enhancement Shaman in TBC Classic Phase 2,https://www.wowhead.com/tbc/guide/classes/shaman/enhancement/dps-bis-gear-pve-phase-2
enhancement_shaman,p2,rings,2,30052,Ring of Lethality,Best in Slot Ring Jewelry for Enhancement Shaman in TBC Classic Phase 2,https://www.wowhead.com/tbc/guide/classes/shaman/enhancement/dps-bis-gear-pve-phase-2
enhancement_shaman,p2,trinkets,1,28830,Dragonspine Trophy,Best in Slot Trinkets for Enhancement Shaman in TBC Classic Phase 2,https://www.wowhead.com/tbc/guide/classes/shaman/enhancement/dps-bis-gear-pve-phase-2
enhancement_shaman,p2,trinkets,2,29383,Bloodlust Brooch,Best in Slot Trinkets for Enhancement Shaman in TBC Classic Phase 2,https://www.wowhead.com/tbc/guide/classes/shaman/enhancement/dps-bis-gear-pve-phase-2
enhancement_shaman,p2,main_hand,1,29996,Rod of the Sun King,Best in Slot Weapons for Enhancement Shaman in TBC Classic Phase 2,https://www.wowhead.com/tbc/guide/classes/shaman/enhancement/dps-bis-gear-pve-phase-2
enhancement_shaman,p2,off_hand,1,29996,Rod of the Sun King,Best in Slot Weapons for Enhancement Shaman in TBC Classic Phase 2,https://www.wowhead.com/tbc/guide/classes/shaman/enhancement/dps-bis-gear-pve-phase-2
enhancement_shaman,p2,ranged,1,27815,Totem of the Astral Winds,Best in Slot Totems for Enhancement Shaman  in TBC Classic Phase 2,https://www.wowhead.com/tbc/guide/classes/shaman/enhancement/dps-bis-gear-pve-phase-2
enhancement_shaman,p2,main_hand,override,29996,Rod of the Sun King,Wowhead P2 Weapons section: first 2.7 MH/OH row.,https://www.wowhead.com/tbc/guide/classes/shaman/enhancement/dps-bis-gear-pve-phase-2
enhancement_shaman,p2,off_hand,override,29924,Netherbane,Wowhead P2 Weapons section: next legal one-hand 2.6 speed row; Talon of the Phoenix is main-hand only in WoWSims.,https://www.wowhead.com/tbc/guide/classes/shaman/enhancement/dps-bis-gear-pve-phase-2
ret_paladin,p1,head,1,29073,Justicar Crown,Best in Slot Head Armor for Retribution Paladin in TBC Classic Phase 1,https://www.wowhead.com/tbc/guide/retribution-paladin-dps-karazhan-best-in-slot-gear-burning-crusade-classic-wow
ret_paladin,p1,shoulder,1,30740,Ripfiend Shoulderplates,Best in Slot Shoulder Armor for Retribution Paladin in TBC Classic Phase 1,https://www.wowhead.com/tbc/guide/retribution-paladin-dps-karazhan-best-in-slot-gear-burning-crusade-classic-wow
ret_paladin,p1,back,1,24259,Vengeance Wrap,Best in Slot Back Armor for Retribution Paladin in TBC Classic Phase 1,https://www.wowhead.com/tbc/guide/retribution-paladin-dps-karazhan-best-in-slot-gear-burning-crusade-classic-wow
ret_paladin,p1,chest,1,28484,Bulwark of Kings,Best in Slot Chest Armor for Retribution Paladin in TBC Classic Phase 1,https://www.wowhead.com/tbc/guide/retribution-paladin-dps-karazhan-best-in-slot-gear-burning-crusade-classic-wow
ret_paladin,p1,wrist,1,28795,Bladespire Warbands,Best in Slot Wrist Armor for Retribution Paladin in TBC Classic Phase 1,https://www.wowhead.com/tbc/guide/retribution-paladin-dps-karazhan-best-in-slot-gear-burning-crusade-classic-wow
ret_paladin,p1,hands,1,30644,Grips of Deftness,Best in Slot Hand Armor for Retribution Paladin in TBC Classic Phase 1,https://www.wowhead.com/tbc/guide/retribution-paladin-dps-karazhan-best-in-slot-gear-burning-crusade-classic-wow
ret_paladin,p1,waist,1,28779,Girdle of the Endless Pit,Best in Slot Waist Armor for Retribution Paladin in TBC Classic Phase 1,https://www.wowhead.com/tbc/guide/retribution-paladin-dps-karazhan-best-in-slot-gear-burning-crusade-classic-wow
ret_paladin,p1,legs,1,30257,Shattrath Leggings,Best in Slot Leg Armor for Retribution Paladin in TBC Classic Phase 1,https://www.wowhead.com/tbc/guide/retribution-paladin-dps-karazhan-best-in-slot-gear-burning-crusade-classic-wow
ret_paladin,p1,feet,1,28608,Ironstriders of Urgency,Best in Slot Feet Armor for Retribution Paladin in TBC Classic Phase 1,https://www.wowhead.com/tbc/guide/retribution-paladin-dps-karazhan-best-in-slot-gear-burning-crusade-classic-wow
ret_paladin,p1,neck,1,29381,Choker of Vile Intent,Best in Slot Neck Jewelry for Retribution Paladin in TBC Classic Phase 1,https://www.wowhead.com/tbc/guide/retribution-paladin-dps-karazhan-best-in-slot-gear-burning-crusade-classic-wow
ret_paladin,p1,rings,1,30834,Shapeshifter's Signet,Best in Slot Ring Jewelry for Retribution Paladin in TBC Classic Phase 1,https://www.wowhead.com/tbc/guide/retribution-paladin-dps-karazhan-best-in-slot-gear-burning-crusade-classic-wow
ret_paladin,p1,rings,2,28757,Ring of a Thousand Marks,Best in Slot Ring Jewelry for Retribution Paladin in TBC Classic Phase 1,https://www.wowhead.com/tbc/guide/retribution-paladin-dps-karazhan-best-in-slot-gear-burning-crusade-classic-wow
ret_paladin,p1,trinkets,1,28830,Dragonspine Trophy,Best in Slot Trinkets for Retribution Paladin in TBC Classic Phase 1,https://www.wowhead.com/tbc/guide/retribution-paladin-dps-karazhan-best-in-slot-gear-burning-crusade-classic-wow
ret_paladin,p1,trinkets,2,19343,Scrolls of Blinding Light,Best in Slot Trinkets for Retribution Paladin in TBC Classic Phase 1,https://www.wowhead.com/tbc/guide/retribution-paladin-dps-karazhan-best-in-slot-gear-burning-crusade-classic-wow
ret_paladin,p1,two_hand,1,28429,Lionheart Champion,Best in Slot Weapons for Retribution Paladin in TBC Classic Phase 1,https://www.wowhead.com/tbc/guide/retribution-paladin-dps-karazhan-best-in-slot-gear-burning-crusade-classic-wow
ret_paladin,p1,ranged,1,27484,Libram of Avengement,Best in Slot Librams for Retribution Paladin in TBC Classic Phase 1,https://www.wowhead.com/tbc/guide/retribution-paladin-dps-karazhan-best-in-slot-gear-burning-crusade-classic-wow
ret_paladin,p2,head,1,32461,Furious Gizmatic Goggles,Best in Slot Head Armor for Retribution Paladin in TBC Classic Phase 2,https://www.wowhead.com/tbc/guide/classes/paladin/retribution/dps-bis-gear-pve-phase-2
ret_paladin,p2,shoulder,1,30055,Shoulderpads of the Stranger,Best in Slot Shoulder Armor for Retribution Paladin in TBC Classic Phase 2,https://www.wowhead.com/tbc/guide/classes/paladin/retribution/dps-bis-gear-pve-phase-2
ret_paladin,p2,back,1,30098,Razor-Scale Battlecloak,Best in Slot Back Armor for Retribution Paladin in TBC Classic Phase 2,https://www.wowhead.com/tbc/guide/classes/paladin/retribution/dps-bis-gear-pve-phase-2
ret_paladin,p2,chest,1,30129,Crystalforge Breastplate,Best in Slot Chest Armor for Retribution Paladin in TBC Classic Phase 2,https://www.wowhead.com/tbc/guide/classes/paladin/retribution/dps-bis-gear-pve-phase-2
ret_paladin,p2,wrist,1,30057,Bracers of Eradication,Best in Slot Wrist Armor for Retribution Paladin in TBC Classic Phase 2,https://www.wowhead.com/tbc/guide/classes/paladin/retribution/dps-bis-gear-pve-phase-2
ret_paladin,p2,hands,1,29947,Gloves of the Searing Grip,Best in Slot Hand Armor for Retribution Paladin in TBC Classic Phase 2,https://www.wowhead.com/tbc/guide/classes/paladin/retribution/dps-bis-gear-pve-phase-2
ret_paladin,p2,waist,1,30106,Belt of One-Hundred Deaths,Best in Slot Waist Armor for Retribution Paladin in TBC Classic Phase 2,https://www.wowhead.com/tbc/guide/classes/paladin/retribution/dps-bis-gear-pve-phase-2
ret_paladin,p2,legs,1,29950,Greaves of the Bloodwarder,Best in Slot Leg Armor for Retribution Paladin in TBC Classic Phase 2,https://www.wowhead.com/tbc/guide/classes/paladin/retribution/dps-bis-gear-pve-phase-2
ret_paladin,p2,feet,1,30081,Warboots of Obliteration,Best in Slot Feet Armor for Retribution Paladin in TBC Classic Phase 2,https://www.wowhead.com/tbc/guide/classes/paladin/retribution/dps-bis-gear-pve-phase-2
ret_paladin,p2,neck,1,30022,Pendant of the Perilous,Best in Slot Neck Jewelry for Retribution Paladin in TBC Classic Phase 2,https://www.wowhead.com/tbc/guide/classes/paladin/retribution/dps-bis-gear-pve-phase-2
ret_paladin,p2,rings,1,30834,Shapeshifter's Signet,Best in Slot Ring Jewelry for Retribution Paladin in TBC Classic Phase 2,https://www.wowhead.com/tbc/guide/classes/paladin/retribution/dps-bis-gear-pve-phase-2
ret_paladin,p2,rings,2,29997,Band of the Ranger-General,Best in Slot Ring Jewelry for Retribution Paladin in TBC Classic Phase 2,https://www.wowhead.com/tbc/guide/classes/paladin/retribution/dps-bis-gear-pve-phase-2
ret_paladin,p2,trinkets,1,29383,Bloodlust Brooch,Best in Slot Trinkets for Retribution Paladin in TBC Classic Phase 2,https://www.wowhead.com/tbc/guide/classes/paladin/retribution/dps-bis-gear-pve-phase-2
ret_paladin,p2,trinkets,2,28830,Dragonspine Trophy,Best in Slot Trinkets for Retribution Paladin in TBC Classic Phase 2,https://www.wowhead.com/tbc/guide/classes/paladin/retribution/dps-bis-gear-pve-phase-2
ret_paladin,p2,two_hand,1,28430,Lionheart Executioner,Best in Slot Weapons for Retribution Paladin in TBC Classic Phase 2,https://www.wowhead.com/tbc/guide/classes/paladin/retribution/dps-bis-gear-pve-phase-2
ret_paladin,p2,ranged,1,27484,Libram of Avengement,Best in Slot Librams for Retribution Paladin in TBC Classic Phase 2,https://www.wowhead.com/tbc/guide/classes/paladin/retribution/dps-bis-gear-pve-phase-2
